{
  "horizon": 32,
  "nt_onset_frac": 0.75,
  "train": {
    "precision": 0.8348807047789262,
    "recall": 0.9630810492754417,
    "f1": 0.8944103325503718,
    "auroc": 0.9963804032481511,
    "n_samples": 1750244,
    "n_positive": 219237,
    "threshold": 0.5
  },
  "val": {
    "precision": 0.8291048423973888,
    "recall": 0.9612438529460157,
    "f1": 0.8902980020318321,
    "auroc": 0.9947763945732938,
    "n_samples": 427759,
    "n_positive": 54701,
    "threshold": 0.5,
    "pre_onset_recall": 0.6848381601362862,
    "pre_onset_auroc": 0.9559595369204648
  },
  "cv": {
    "mean_auroc": 0.9768606668003192,
    "mean_f1": 0.6209689597522512,
    "folds": [
      {
        "held_out_press": "expected_attention",
        "train_presses": [
          "none",
          "snapkv",
          "streaming_llm"
        ],
        "metrics": {
          "precision": 0.32743250932540935,
          "recall": 0.7423493155593779,
          "f1": 0.45442779739838113,
          "auroc": 0.95979660170803,
          "n_samples": 645068,
          "n_positive": 13953,
          "threshold": 0.5
        }
      },
      {
        "held_out_press": "none",
        "train_presses": [
          "expected_attention",
          "snapkv",
          "streaming_llm"
        ],
        "metrics": {
          "precision": 0.48477366255144033,
          "recall": 0.6937573616018846,
          "f1": 0.5707364341085271,
          "auroc": 0.9933904272194525,
          "n_samples": 120322,
          "n_positive": 849,
          "threshold": 0.5
        }
      },
      {
        "held_out_press": "snapkv",
        "train_presses": [
          "expected_attention",
          "none",
          "streaming_llm"
        ],
        "metrics": {
          "precision": 0.9305964155976015,
          "recall": 0.9289342842545556,
          "f1": 0.9297646070825746,
          "auroc": 0.9791169276520512,
          "n_samples": 750169,
          "n_positive": 240749,
          "threshold": 0.5
        }
      },
      {
        "held_out_press": "streaming_llm",
        "train_presses": [
          "expected_attention",
          "none",
          "snapkv"
        ],
        "metrics": {
          "precision": 0.3897375132016177,
          "recall": 0.8228639799858596,
          "f1": 0.5289470004195217,
          "auroc": 0.9751387106217433,
          "n_samples": 662444,
          "n_positive": 18387,
          "threshold": 0.5
        }
      }
    ]
  },
  "n_traces": 8000,
  "n_tokens": 2178003,
  "positive_rate": 0.12577484548091888
}